{
    "name": "root",
    "gauges": {
        "HunterController_V1.Policy.Entropy.mean": {
            "value": 1.3978047370910645,
            "min": 1.3978047370910645,
            "max": 1.4211102724075317,
            "count": 10
        },
        "HunterController_V1.Policy.Entropy.sum": {
            "value": 70315.171875,
            "min": 68998.3671875,
            "max": 75307.4765625,
            "count": 10
        },
        "HunterController_V1.Environment.EpisodeLength.mean": {
            "value": 16.521785334750266,
            "min": 16.521785334750266,
            "max": 111.21285140562249,
            "count": 10
        },
        "HunterController_V1.Environment.EpisodeLength.sum": {
            "value": 46641.0,
            "min": 38846.0,
            "max": 55384.0,
            "count": 10
        },
        "HunterController_V1.Step.mean": {
            "value": 499993.0,
            "min": 49985.0,
            "max": 499993.0,
            "count": 10
        },
        "HunterController_V1.Step.sum": {
            "value": 499993.0,
            "min": 49985.0,
            "max": 499993.0,
            "count": 10
        },
        "HunterController_V1.Policy.ExtrinsicValueEstimate.mean": {
            "value": -1.5707875490188599,
            "min": -1.5707875490188599,
            "max": 0.13313961029052734,
            "count": 10
        },
        "HunterController_V1.Policy.ExtrinsicValueEstimate.sum": {
            "value": -4541.14697265625,
            "min": -4541.14697265625,
            "max": 139.13088989257812,
            "count": 10
        },
        "HunterController_V1.Environment.CumulativeReward.mean": {
            "value": -5.155917788802268,
            "min": -5.42825361512792,
            "max": -0.7847082494969819,
            "count": 10
        },
        "HunterController_V1.Environment.CumulativeReward.sum": {
            "value": -14550.0,
            "min": -14640.0,
            "max": -390.0,
            "count": 10
        },
        "HunterController_V1.Policy.ExtrinsicReward.mean": {
            "value": -5.155917788802268,
            "min": -5.42825361512792,
            "max": -0.7847082494969819,
            "count": 10
        },
        "HunterController_V1.Policy.ExtrinsicReward.sum": {
            "value": -14550.0,
            "min": -14640.0,
            "max": -390.0,
            "count": 10
        },
        "HunterController_V1.Losses.PolicyLoss.mean": {
            "value": 0.022278869872291884,
            "min": 0.02209541726236542,
            "max": 0.027457699880469588,
            "count": 10
        },
        "HunterController_V1.Losses.PolicyLoss.sum": {
            "value": 0.11139434936145942,
            "min": 0.09937352363485842,
            "max": 0.13728849940234794,
            "count": 10
        },
        "HunterController_V1.Losses.ValueLoss.mean": {
            "value": 82.02034489949544,
            "min": 5.081069644292196,
            "max": 82.02034489949544,
            "count": 10
        },
        "HunterController_V1.Losses.ValueLoss.sum": {
            "value": 410.1017244974772,
            "min": 20.324278577168783,
            "max": 410.1017244974772,
            "count": 10
        },
        "HunterController_V1.Policy.LearningRate.mean": {
            "value": 1.6239934586719987e-05,
            "min": 1.6239934586719987e-05,
            "max": 0.0002845293051568999,
            "count": 10
        },
        "HunterController_V1.Policy.LearningRate.sum": {
            "value": 8.119967293359994e-05,
            "min": 8.119967293359994e-05,
            "max": 0.0012830334723221998,
            "count": 10
        },
        "HunterController_V1.Policy.Epsilon.mean": {
            "value": 0.10541327999999998,
            "min": 0.10541327999999998,
            "max": 0.1948431,
            "count": 10
        },
        "HunterController_V1.Policy.Epsilon.sum": {
            "value": 0.5270663999999999,
            "min": 0.4996956,
            "max": 0.9276778000000003,
            "count": 10
        },
        "HunterController_V1.Policy.Beta.mean": {
            "value": 0.00028012267199999986,
            "min": 0.00028012267199999986,
            "max": 0.00474267069,
            "count": 10
        },
        "HunterController_V1.Policy.Beta.sum": {
            "value": 0.0014006133599999992,
            "min": 0.0014006133599999992,
            "max": 0.02139112222,
            "count": 10
        },
        "HunterController_V1.IsTraining.mean": {
            "value": 1.0,
            "min": 1.0,
            "max": 1.0,
            "count": 10
        },
        "HunterController_V1.IsTraining.sum": {
            "value": 1.0,
            "min": 1.0,
            "max": 1.0,
            "count": 10
        },
        "PreyController_V1.Policy.Entropy.mean": {
            "value": 1.3615641593933105,
            "min": 1.3615641593933105,
            "max": 1.4150347709655762,
            "count": 10
        },
        "PreyController_V1.Policy.Entropy.sum": {
            "value": 68492.125,
            "min": 67685.234375,
            "max": 74985.5234375,
            "count": 10
        },
        "PreyController_V1.Environment.EpisodeLength.mean": {
            "value": 16.521785334750266,
            "min": 16.521785334750266,
            "max": 111.21285140562249,
            "count": 10
        },
        "PreyController_V1.Environment.EpisodeLength.sum": {
            "value": 46641.0,
            "min": 38846.0,
            "max": 55384.0,
            "count": 10
        },
        "PreyController_V1.Step.mean": {
            "value": 499993.0,
            "min": 49985.0,
            "max": 499993.0,
            "count": 10
        },
        "PreyController_V1.Step.sum": {
            "value": 499993.0,
            "min": 49985.0,
            "max": 499993.0,
            "count": 10
        },
        "PreyController_V1.Policy.ExtrinsicValueEstimate.mean": {
            "value": -1.8069372177124023,
            "min": -1.832206130027771,
            "max": -0.8894731402397156,
            "count": 10
        },
        "PreyController_V1.Policy.ExtrinsicValueEstimate.sum": {
            "value": -5223.85546875,
            "min": -5223.85546875,
            "max": -886.8047485351562,
            "count": 10
        },
        "PreyController_V1.Environment.CumulativeReward.mean": {
            "value": -1.456413890857548,
            "min": -5.516795865633075,
            "max": -1.2847608453837598,
            "count": 10
        },
        "PreyController_V1.Environment.CumulativeReward.sum": {
            "value": -4110.0,
            "min": -4225.0,
            "max": -2125.0,
            "count": 10
        },
        "PreyController_V1.Policy.ExtrinsicReward.mean": {
            "value": -1.456413890857548,
            "min": -5.516795865633075,
            "max": -1.2847608453837598,
            "count": 10
        },
        "PreyController_V1.Policy.ExtrinsicReward.sum": {
            "value": -4110.0,
            "min": -4225.0,
            "max": -2125.0,
            "count": 10
        },
        "PreyController_V1.Losses.PolicyLoss.mean": {
            "value": 0.022433993789212157,
            "min": 0.022143690925246724,
            "max": 0.025741222153495377,
            "count": 10
        },
        "PreyController_V1.Losses.PolicyLoss.sum": {
            "value": 0.11216996894606078,
            "min": 0.09381047796147565,
            "max": 0.1253005346399732,
            "count": 10
        },
        "PreyController_V1.Losses.ValueLoss.mean": {
            "value": 25.764581336975102,
            "min": 3.3861954917510353,
            "max": 25.764581336975102,
            "count": 10
        },
        "PreyController_V1.Losses.ValueLoss.sum": {
            "value": 128.8229066848755,
            "min": 13.544781967004141,
            "max": 128.8229066848755,